"Statistic Label","Census Year","Ethnicity","Citizenship","UNIT","VALUE"
"Population Usually Resident and Present in the State","2022","All ethnic or cultural backgrounds","All citizenships","Number","5084879"
"Population Usually Resident and Present in the State","2022","All ethnic or cultural backgrounds","Ireland","Number","4283490"
"Population Usually Resident and Present in the State","2022","All ethnic or cultural backgrounds","Croatia","Number","13649"
"Population Usually Resident and Present in the State","2022","All ethnic or cultural backgrounds","France","Number","13893"
"Population Usually Resident and Present in the State","2022","All ethnic or cultural backgrounds","Germany","Number","12390"
"Population Usually Resident and Present in the State","2022","All ethnic or cultural backgrounds","Italy","Number","18319"
"Population Usually Resident and Present in the State","2022","All ethnic or cultural backgrounds","Latvia","Number","18300"
"Population Usually Resident and Present in the State","2022","All ethnic or cultural backgrounds","Lithuania","Number","31177"
"Population Usually Resident and Present in the State","2022","All ethnic or cultural backgrounds","Poland","Number","93680"
"Population Usually Resident and Present in the State","2022","All ethnic or cultural backgrounds","Romania","Number","43323"
"Population Usually Resident and Present in the State","2022","All ethnic or cultural backgrounds","Spain","Number","17953"
"Population Usually Resident and Present in the State","2022","All ethnic or cultural backgrounds","Ukraine","Number","11791"
"Population Usually Resident and Present in the State","2022","All ethnic or cultural backgrounds","United Kingdom of Great Britain and Northern Ireland (the)","Number","83347"
"Population Usually Resident and Present in the State","2022","All ethnic or cultural backgrounds","Other EU27 (2020)","Number","50225"
"Population Usually Resident and Present in the State","2022","All ethnic or cultural backgrounds","Rest of Europe(1)","Number","13482"
"Population Usually Resident and Present in the State","2022","All ethnic or cultural backgrounds","Africa","Number","34761"
"Population Usually Resident and Present in the State","2022","All ethnic or cultural backgrounds","China","Number","13050"
"Population Usually Resident and Present in the State","2022","All ethnic or cultural backgrounds","India","Number","45449"
"Population Usually Resident and Present in the State","2022","All ethnic or cultural backgrounds","Other Asia(1)","Number","41820"
"Population Usually Resident and Present in the State","2022","All ethnic or cultural backgrounds","Australia","Number","3481"
"Population Usually Resident and Present in the State","2022","All ethnic or cultural backgrounds","United States of America (the)","Number","13412"
"Population Usually Resident and Present in the State","2022","All ethnic or cultural backgrounds","Brazil","Number","27338"
"Population Usually Resident and Present in the State","2022","All ethnic or cultural backgrounds","Other America(1)","Number","12988"
"Population Usually Resident and Present in the State","2022","All ethnic or cultural backgrounds","Other countries","Number","5423"
"Population Usually Resident and Present in the State","2022","All ethnic or cultural backgrounds","Multiple/Dual citizenship","Number","12534"
"Population Usually Resident and Present in the State","2022","All ethnic or cultural backgrounds","No citizenship","Number","8126"
"Population Usually Resident and Present in the State","2022","All ethnic or cultural backgrounds","Citizenship not stated","Number","161478"
"Population Usually Resident and Present in the State","2022","White Irish","All citizenships","Number","3893056"
"Population Usually Resident and Present in the State","2022","White Irish","Ireland","Number","3861283"
"Population Usually Resident and Present in the State","2022","White Irish","Croatia","Number","59"
"Population Usually Resident and Present in the State","2022","White Irish","France","Number","164"
"Population Usually Resident and Present in the State","2022","White Irish","Germany","Number","153"
"Population Usually Resident and Present in the State","2022","White Irish","Italy","Number","141"
"Population Usually Resident and Present in the State","2022","White Irish","Latvia","Number","176"
"Population Usually Resident and Present in the State","2022","White Irish","Lithuania","Number","404"
"Population Usually Resident and Present in the State","2022","White Irish","Poland","Number","980"
"Population Usually Resident and Present in the State","2022","White Irish","Romania","Number","463"
"Population Usually Resident and Present in the State","2022","White Irish","Spain","Number","111"
"Population Usually Resident and Present in the State","2022","White Irish","Ukraine","Number","115"
"Population Usually Resident and Present in the State","2022","White Irish","United Kingdom of Great Britain and Northern Ireland (the)","Number","7953"
"Population Usually Resident and Present in the State","2022","White Irish","Other EU27 (2020)","Number","476"
"Population Usually Resident and Present in the State","2022","White Irish","Rest of Europe(1)","Number","262"
"Population Usually Resident and Present in the State","2022","White Irish","Africa","Number","156"
"Population Usually Resident and Present in the State","2022","White Irish","China","Number","26"
"Population Usually Resident and Present in the State","2022","White Irish","India","Number","14"
"Population Usually Resident and Present in the State","2022","White Irish","Other Asia(1)","Number","120"
"Population Usually Resident and Present in the State","2022","White Irish","Australia","Number","797"
"Population Usually Resident and Present in the State","2022","White Irish","United States of America (the)","Number","2126"
"Population Usually Resident and Present in the State","2022","White Irish","Brazil","Number","107"
"Population Usually Resident and Present in the State","2022","White Irish","Other America(1)","Number","411"
"Population Usually Resident and Present in the State","2022","White Irish","Other countries","Number","588"
"Population Usually Resident and Present in the State","2022","White Irish","Multiple/Dual citizenship","Number","185"
"Population Usually Resident and Present in the State","2022","White Irish","No citizenship","Number","1375"
"Population Usually Resident and Present in the State","2022","White Irish","Citizenship not stated","Number","14411"
"Population Usually Resident and Present in the State","2022","White Irish Traveller","All citizenships","Number","32949"
"Population Usually Resident and Present in the State","2022","White Irish Traveller","Ireland","Number","30593"
"Population Usually Resident and Present in the State","2022","White Irish Traveller","Croatia","Number","0"
"Population Usually Resident and Present in the State","2022","White Irish Traveller","France","Number","0"
"Population Usually Resident and Present in the State","2022","White Irish Traveller","Germany","Number","0"
"Population Usually Resident and Present in the State","2022","White Irish Traveller","Italy","Number","0"
"Population Usually Resident and Present in the State","2022","White Irish Traveller","Latvia","Number","0"
"Population Usually Resident and Present in the State","2022","White Irish Traveller","Lithuania","Number","0"
"Population Usually Resident and Present in the State","2022","White Irish Traveller","Poland","Number","0"
"Population Usually Resident and Present in the State","2022","White Irish Traveller","Romania","Number","1"
"Population Usually Resident and Present in the State","2022","White Irish Traveller","Spain","Number","0"
"Population Usually Resident and Present in the State","2022","White Irish Traveller","Ukraine","Number","0"
"Population Usually Resident and Present in the State","2022","White Irish Traveller","United Kingdom of Great Britain and Northern Ireland (the)","Number","179"
"Population Usually Resident and Present in the State","2022","White Irish Traveller","Other EU27 (2020)","Number","0"
"Population Usually Resident and Present in the State","2022","White Irish Traveller","Rest of Europe(1)","Number","0"
"Population Usually Resident and Present in the State","2022","White Irish Traveller","Africa","Number","0"
"Population Usually Resident and Present in the State","2022","White Irish Traveller","China","Number","0"
"Population Usually Resident and Present in the State","2022","White Irish Traveller","India","Number","0"
"Population Usually Resident and Present in the State","2022","White Irish Traveller","Other Asia(1)","Number","0"
"Population Usually Resident and Present in the State","2022","White Irish Traveller","Australia","Number","0"
"Population Usually Resident and Present in the State","2022","White Irish Traveller","United States of America (the)","Number","0"
"Population Usually Resident and Present in the State","2022","White Irish Traveller","Brazil","Number","0"
"Population Usually Resident and Present in the State","2022","White Irish Traveller","Other America(1)","Number","0"
"Population Usually Resident and Present in the State","2022","White Irish Traveller","Other countries","Number","0"
"Population Usually Resident and Present in the State","2022","White Irish Traveller","Multiple/Dual citizenship","Number","0"
"Population Usually Resident and Present in the State","2022","White Irish Traveller","No citizenship","Number","110"
"Population Usually Resident and Present in the State","2022","White Irish Traveller","Citizenship not stated","Number","2066"
"Population Usually Resident and Present in the State","2022","Roma","All citizenships","Number","16059"
"Population Usually Resident and Present in the State","2022","Roma","Ireland","Number","4430"
"Population Usually Resident and Present in the State","2022","Roma","Croatia","Number","69"
"Population Usually Resident and Present in the State","2022","Roma","France","Number","121"
"Population Usually Resident and Present in the State","2022","Roma","Germany","Number","25"
"Population Usually Resident and Present in the State","2022","Roma","Italy","Number","1550"
"Population Usually Resident and Present in the State","2022","Roma","Latvia","Number","277"
"Population Usually Resident and Present in the State","2022","Roma","Lithuania","Number","1186"
"Population Usually Resident and Present in the State","2022","Roma","Poland","Number","1473"
"Population Usually Resident and Present in the State","2022","Roma","Romania","Number","3523"
"Population Usually Resident and Present in the State","2022","Roma","Spain","Number","535"
"Population Usually Resident and Present in the State","2022","Roma","Ukraine","Number","35"
"Population Usually Resident and Present in the State","2022","Roma","United Kingdom of Great Britain and Northern Ireland (the)","Number","31"
"Population Usually Resident and Present in the State","2022","Roma","Other EU27 (2020)","Number","1174"
"Population Usually Resident and Present in the State","2022","Roma","Rest of Europe(1)","Number","218"
"Population Usually Resident and Present in the State","2022","Roma","Africa","Number","16"
"Population Usually Resident and Present in the State","2022","Roma","China","Number","0"
"Population Usually Resident and Present in the State","2022","Roma","India","Number","16"
"Population Usually Resident and Present in the State","2022","Roma","Other Asia(1)","Number","60"
"Population Usually Resident and Present in the State","2022","Roma","Australia","Number","0"
"Population Usually Resident and Present in the State","2022","Roma","United States of America (the)","Number","9"
"Population Usually Resident and Present in the State","2022","Roma","Brazil","Number","242"
"Population Usually Resident and Present in the State","2022","Roma","Other America(1)","Number","80"
"Population Usually Resident and Present in the State","2022","Roma","Other countries","Number","115"
"Population Usually Resident and Present in the State","2022","Roma","Multiple/Dual citizenship","Number","463"
"Population Usually Resident and Present in the State","2022","Roma","No citizenship","Number","161"
"Population Usually Resident and Present in the State","2022","Roma","Citizenship not stated","Number","250"
"Population Usually Resident and Present in the State","2022","Any other White background","All citizenships","Number","502081"
"Population Usually Resident and Present in the State","2022","Any other White background","Ireland","Number","119428"
"Population Usually Resident and Present in the State","2022","Any other White background","Croatia","Number","12292"
"Population Usually Resident and Present in the State","2022","Any other White background","France","Number","9789"
"Population Usually Resident and Present in the State","2022","Any other White background","Germany","Number","10136"
"Population Usually Resident and Present in the State","2022","Any other White background","Italy","Number","13029"
"Population Usually Resident and Present in the State","2022","Any other White background","Latvia","Number","15532"
"Population Usually Resident and Present in the State","2022","Any other White background","Lithuania","Number","25425"
"Population Usually Resident and Present in the State","2022","Any other White background","Poland","Number","79998"
"Population Usually Resident and Present in the State","2022","Any other White background","Romania","Number","32075"
"Population Usually Resident and Present in the State","2022","Any other White background","Spain","Number","13286"
"Population Usually Resident and Present in the State","2022","Any other White background","Ukraine","Number","5598"
"Population Usually Resident and Present in the State","2022","Any other White background","United Kingdom of Great Britain and Northern Ireland (the)","Number","63333"
"Population Usually Resident and Present in the State","2022","Any other White background","Other EU27 (2020)","Number","37944"
"Population Usually Resident and Present in the State","2022","Any other White background","Rest of Europe(1)","Number","10114"
"Population Usually Resident and Present in the State","2022","Any other White background","Africa","Number","6094"
"Population Usually Resident and Present in the State","2022","Any other White background","China","Number","50"
"Population Usually Resident and Present in the State","2022","Any other White background","India","Number","122"
"Population Usually Resident and Present in the State","2022","Any other White background","Other Asia(1)","Number","2250"
"Population Usually Resident and Present in the State","2022","Any other White background","Australia","Number","1822"
"Population Usually Resident and Present in the State","2022","Any other White background","United States of America (the)","Number","8113"
"Population Usually Resident and Present in the State","2022","Any other White background","Brazil","Number","13251"
"Population Usually Resident and Present in the State","2022","Any other White background","Other America(1)","Number","4791"
"Population Usually Resident and Present in the State","2022","Any other White background","Other countries","Number","2747"
"Population Usually Resident and Present in the State","2022","Any other White background","Multiple/Dual citizenship","Number","9876"
"Population Usually Resident and Present in the State","2022","Any other White background","No citizenship","Number","2853"
"Population Usually Resident and Present in the State","2022","Any other White background","Citizenship not stated","Number","2133"
"Population Usually Resident and Present in the State","2022","Black or Black Irish - African","All citizenships","Number","67546"
"Population Usually Resident and Present in the State","2022","Black or Black Irish - African","Ireland","Number","43862"
"Population Usually Resident and Present in the State","2022","Black or Black Irish - African","Croatia","Number","1"
"Population Usually Resident and Present in the State","2022","Black or Black Irish - African","France","Number","344"
"Population Usually Resident and Present in the State","2022","Black or Black Irish - African","Germany","Number","266"
"Population Usually Resident and Present in the State","2022","Black or Black Irish - African","Italy","Number","272"
"Population Usually Resident and Present in the State","2022","Black or Black Irish - African","Latvia","Number","1"
"Population Usually Resident and Present in the State","2022","Black or Black Irish - African","Lithuania","Number","3"
"Population Usually Resident and Present in the State","2022","Black or Black Irish - African","Poland","Number","11"
"Population Usually Resident and Present in the State","2022","Black or Black Irish - African","Romania","Number","6"
"Population Usually Resident and Present in the State","2022","Black or Black Irish - African","Spain","Number","192"
"Population Usually Resident and Present in the State","2022","Black or Black Irish - African","Ukraine","Number","47"
"Population Usually Resident and Present in the State","2022","Black or Black Irish - African","United Kingdom of Great Britain and Northern Ireland (the)","Number","644"
"Population Usually Resident and Present in the State","2022","Black or Black Irish - African","Other EU27 (2020)","Number","995"
"Population Usually Resident and Present in the State","2022","Black or Black Irish - African","Rest of Europe(1)","Number","63"
"Population Usually Resident and Present in the State","2022","Black or Black Irish - African","Africa","Number","18310"
"Population Usually Resident and Present in the State","2022","Black or Black Irish - African","China","Number","3"
"Population Usually Resident and Present in the State","2022","Black or Black Irish - African","India","Number","0"
"Population Usually Resident and Present in the State","2022","Black or Black Irish - African","Other Asia(1)","Number","31"
"Population Usually Resident and Present in the State","2022","Black or Black Irish - African","Australia","Number","4"
"Population Usually Resident and Present in the State","2022","Black or Black Irish - African","United States of America (the)","Number","132"
"Population Usually Resident and Present in the State","2022","Black or Black Irish - African","Brazil","Number","131"
"Population Usually Resident and Present in the State","2022","Black or Black Irish - African","Other America(1)","Number","66"
"Population Usually Resident and Present in the State","2022","Black or Black Irish - African","Other countries","Number","241"
"Population Usually Resident and Present in the State","2022","Black or Black Irish - African","Multiple/Dual citizenship","Number","119"
"Population Usually Resident and Present in the State","2022","Black or Black Irish - African","No citizenship","Number","1027"
"Population Usually Resident and Present in the State","2022","Black or Black Irish - African","Citizenship not stated","Number","775"
"Population Usually Resident and Present in the State","2022","Black or Black Irish - any other Black background","All citizenships","Number","8699"
"Population Usually Resident and Present in the State","2022","Black or Black Irish - any other Black background","Ireland","Number","3221"
"Population Usually Resident and Present in the State","2022","Black or Black Irish - any other Black background","Croatia","Number","21"
"Population Usually Resident and Present in the State","2022","Black or Black Irish - any other Black background","France","Number","188"
"Population Usually Resident and Present in the State","2022","Black or Black Irish - any other Black background","Germany","Number","27"
"Population Usually Resident and Present in the State","2022","Black or Black Irish - any other Black background","Italy","Number","99"
"Population Usually Resident and Present in the State","2022","Black or Black Irish - any other Black background","Latvia","Number","26"
"Population Usually Resident and Present in the State","2022","Black or Black Irish - any other Black background","Lithuania","Number","66"
"Population Usually Resident and Present in the State","2022","Black or Black Irish - any other Black background","Poland","Number","119"
"Population Usually Resident and Present in the State","2022","Black or Black Irish - any other Black background","Romania","Number","103"
"Population Usually Resident and Present in the State","2022","Black or Black Irish - any other Black background","Spain","Number","75"
"Population Usually Resident and Present in the State","2022","Black or Black Irish - any other Black background","Ukraine","Number","23"
"Population Usually Resident and Present in the State","2022","Black or Black Irish - any other Black background","United Kingdom of Great Britain and Northern Ireland (the)","Number","415"
"Population Usually Resident and Present in the State","2022","Black or Black Irish - any other Black background","Other EU27 (2020)","Number","306"
"Population Usually Resident and Present in the State","2022","Black or Black Irish - any other Black background","Rest of Europe(1)","Number","28"
"Population Usually Resident and Present in the State","2022","Black or Black Irish - any other Black background","Africa","Number","472"
"Population Usually Resident and Present in the State","2022","Black or Black Irish - any other Black background","China","Number","0"
"Population Usually Resident and Present in the State","2022","Black or Black Irish - any other Black background","India","Number","4"
"Population Usually Resident and Present in the State","2022","Black or Black Irish - any other Black background","Other Asia(1)","Number","47"
"Population Usually Resident and Present in the State","2022","Black or Black Irish - any other Black background","Australia","Number","9"
"Population Usually Resident and Present in the State","2022","Black or Black Irish - any other Black background","United States of America (the)","Number","199"
"Population Usually Resident and Present in the State","2022","Black or Black Irish - any other Black background","Brazil","Number","2437"
"Population Usually Resident and Present in the State","2022","Black or Black Irish - any other Black background","Other America(1)","Number","307"
"Population Usually Resident and Present in the State","2022","Black or Black Irish - any other Black background","Other countries","Number","57"
"Population Usually Resident and Present in the State","2022","Black or Black Irish - any other Black background","Multiple/Dual citizenship","Number","114"
"Population Usually Resident and Present in the State","2022","Black or Black Irish - any other Black background","No citizenship","Number","238"
"Population Usually Resident and Present in the State","2022","Black or Black Irish - any other Black background","Citizenship not stated","Number","98"
"Population Usually Resident and Present in the State","2022","Asian or Asian Irish - Chinese","All citizenships","Number","26828"
"Population Usually Resident and Present in the State","2022","Asian or Asian Irish - Chinese","Ireland","Number","10800"
"Population Usually Resident and Present in the State","2022","Asian or Asian Irish - Chinese","Croatia","Number","0"
"Population Usually Resident and Present in the State","2022","Asian or Asian Irish - Chinese","France","Number","37"
"Population Usually Resident and Present in the State","2022","Asian or Asian Irish - Chinese","Germany","Number","23"
"Population Usually Resident and Present in the State","2022","Asian or Asian Irish - Chinese","Italy","Number","22"
"Population Usually Resident and Present in the State","2022","Asian or Asian Irish - Chinese","Latvia","Number","0"
"Population Usually Resident and Present in the State","2022","Asian or Asian Irish - Chinese","Lithuania","Number","3"
"Population Usually Resident and Present in the State","2022","Asian or Asian Irish - Chinese","Poland","Number","5"
"Population Usually Resident and Present in the State","2022","Asian or Asian Irish - Chinese","Romania","Number","0"
"Population Usually Resident and Present in the State","2022","Asian or Asian Irish - Chinese","Spain","Number","14"
"Population Usually Resident and Present in the State","2022","Asian or Asian Irish - Chinese","Ukraine","Number","1"
"Population Usually Resident and Present in the State","2022","Asian or Asian Irish - Chinese","United Kingdom of Great Britain and Northern Ireland (the)","Number","473"
"Population Usually Resident and Present in the State","2022","Asian or Asian Irish - Chinese","Other EU27 (2020)","Number","169"
"Population Usually Resident and Present in the State","2022","Asian or Asian Irish - Chinese","Rest of Europe(1)","Number","6"
"Population Usually Resident and Present in the State","2022","Asian or Asian Irish - Chinese","Africa","Number","38"
"Population Usually Resident and Present in the State","2022","Asian or Asian Irish - Chinese","China","Number","12025"
"Population Usually Resident and Present in the State","2022","Asian or Asian Irish - Chinese","India","Number","5"
"Population Usually Resident and Present in the State","2022","Asian or Asian Irish - Chinese","Other Asia(1)","Number","2359"
"Population Usually Resident and Present in the State","2022","Asian or Asian Irish - Chinese","Australia","Number","31"
"Population Usually Resident and Present in the State","2022","Asian or Asian Irish - Chinese","United States of America (the)","Number","124"
"Population Usually Resident and Present in the State","2022","Asian or Asian Irish - Chinese","Brazil","Number","15"
"Population Usually Resident and Present in the State","2022","Asian or Asian Irish - Chinese","Other America(1)","Number","113"
"Population Usually Resident and Present in the State","2022","Asian or Asian Irish - Chinese","Other countries","Number","114"
"Population Usually Resident and Present in the State","2022","Asian or Asian Irish - Chinese","Multiple/Dual citizenship","Number","15"
"Population Usually Resident and Present in the State","2022","Asian or Asian Irish - Chinese","No citizenship","Number","318"
"Population Usually Resident and Present in the State","2022","Asian or Asian Irish - Chinese","Citizenship not stated","Number","118"
"Population Usually Resident and Present in the State","2022","Asian or Asian Irish - Indian/Pakistani/Bangladeshi","All citizenships","Number","94434"
"Population Usually Resident and Present in the State","2022","Asian or Asian Irish - Indian/Pakistani/Bangladeshi","Ireland","Number","36324"
"Population Usually Resident and Present in the State","2022","Asian or Asian Irish - Indian/Pakistani/Bangladeshi","Croatia","Number","2"
"Population Usually Resident and Present in the State","2022","Asian or Asian Irish - Indian/Pakistani/Bangladeshi","France","Number","74"
"Population Usually Resident and Present in the State","2022","Asian or Asian Irish - Indian/Pakistani/Bangladeshi","Germany","Number","46"
"Population Usually Resident and Present in the State","2022","Asian or Asian Irish - Indian/Pakistani/Bangladeshi","Italy","Number","228"
"Population Usually Resident and Present in the State","2022","Asian or Asian Irish - Indian/Pakistani/Bangladeshi","Latvia","Number","27"
"Population Usually Resident and Present in the State","2022","Asian or Asian Irish - Indian/Pakistani/Bangladeshi","Lithuania","Number","9"
"Population Usually Resident and Present in the State","2022","Asian or Asian Irish - Indian/Pakistani/Bangladeshi","Poland","Number","18"
"Population Usually Resident and Present in the State","2022","Asian or Asian Irish - Indian/Pakistani/Bangladeshi","Romania","Number","21"
"Population Usually Resident and Present in the State","2022","Asian or Asian Irish - Indian/Pakistani/Bangladeshi","Spain","Number","53"
"Population Usually Resident and Present in the State","2022","Asian or Asian Irish - Indian/Pakistani/Bangladeshi","Ukraine","Number","13"
"Population Usually Resident and Present in the State","2022","Asian or Asian Irish - Indian/Pakistani/Bangladeshi","United Kingdom of Great Britain and Northern Ireland (the)","Number","1543"
"Population Usually Resident and Present in the State","2022","Asian or Asian Irish - Indian/Pakistani/Bangladeshi","Other EU27 (2020)","Number","632"
"Population Usually Resident and Present in the State","2022","Asian or Asian Irish - Indian/Pakistani/Bangladeshi","Rest of Europe(1)","Number","35"
"Population Usually Resident and Present in the State","2022","Asian or Asian Irish - Indian/Pakistani/Bangladeshi","Africa","Number","623"
"Population Usually Resident and Present in the State","2022","Asian or Asian Irish - Indian/Pakistani/Bangladeshi","China","Number","1"
"Population Usually Resident and Present in the State","2022","Asian or Asian Irish - Indian/Pakistani/Bangladeshi","India","Number","42687"
"Population Usually Resident and Present in the State","2022","Asian or Asian Irish - Indian/Pakistani/Bangladeshi","Other Asia(1)","Number","10245"
"Population Usually Resident and Present in the State","2022","Asian or Asian Irish - Indian/Pakistani/Bangladeshi","Australia","Number","61"
"Population Usually Resident and Present in the State","2022","Asian or Asian Irish - Indian/Pakistani/Bangladeshi","United States of America (the)","Number","250"
"Population Usually Resident and Present in the State","2022","Asian or Asian Irish - Indian/Pakistani/Bangladeshi","Brazil","Number","19"
"Population Usually Resident and Present in the State","2022","Asian or Asian Irish - Indian/Pakistani/Bangladeshi","Other America(1)","Number","301"
"Population Usually Resident and Present in the State","2022","Asian or Asian Irish - Indian/Pakistani/Bangladeshi","Other countries","Number","265"
"Population Usually Resident and Present in the State","2022","Asian or Asian Irish - Indian/Pakistani/Bangladeshi","Multiple/Dual citizenship","Number","148"
"Population Usually Resident and Present in the State","2022","Asian or Asian Irish - Indian/Pakistani/Bangladeshi","No citizenship","Number","460"
"Population Usually Resident and Present in the State","2022","Asian or Asian Irish - Indian/Pakistani/Bangladeshi","Citizenship not stated","Number","349"
"Population Usually Resident and Present in the State","2022","Asian or Asian Irish - any other Asian background","All citizenships","Number","44944"
"Population Usually Resident and Present in the State","2022","Asian or Asian Irish - any other Asian background","Ireland","Number","25624"
"Population Usually Resident and Present in the State","2022","Asian or Asian Irish - any other Asian background","Croatia","Number","14"
"Population Usually Resident and Present in the State","2022","Asian or Asian Irish - any other Asian background","France","Number","176"
"Population Usually Resident and Present in the State","2022","Asian or Asian Irish - any other Asian background","Germany","Number","116"
"Population Usually Resident and Present in the State","2022","Asian or Asian Irish - any other Asian background","Italy","Number","66"
"Population Usually Resident and Present in the State","2022","Asian or Asian Irish - any other Asian background","Latvia","Number","34"
"Population Usually Resident and Present in the State","2022","Asian or Asian Irish - any other Asian background","Lithuania","Number","32"
"Population Usually Resident and Present in the State","2022","Asian or Asian Irish - any other Asian background","Poland","Number","45"
"Population Usually Resident and Present in the State","2022","Asian or Asian Irish - any other Asian background","Romania","Number","44"
"Population Usually Resident and Present in the State","2022","Asian or Asian Irish - any other Asian background","Spain","Number","75"
"Population Usually Resident and Present in the State","2022","Asian or Asian Irish - any other Asian background","Ukraine","Number","16"
"Population Usually Resident and Present in the State","2022","Asian or Asian Irish - any other Asian background","United Kingdom of Great Britain and Northern Ireland (the)","Number","614"
"Population Usually Resident and Present in the State","2022","Asian or Asian Irish - any other Asian background","Other EU27 (2020)","Number","338"
"Population Usually Resident and Present in the State","2022","Asian or Asian Irish - any other Asian background","Rest of Europe(1)","Number","194"
"Population Usually Resident and Present in the State","2022","Asian or Asian Irish - any other Asian background","Africa","Number","559"
"Population Usually Resident and Present in the State","2022","Asian or Asian Irish - any other Asian background","China","Number","42"
"Population Usually Resident and Present in the State","2022","Asian or Asian Irish - any other Asian background","India","Number","142"
"Population Usually Resident and Present in the State","2022","Asian or Asian Irish - any other Asian background","Other Asia(1)","Number","15368"
"Population Usually Resident and Present in the State","2022","Asian or Asian Irish - any other Asian background","Australia","Number","81"
"Population Usually Resident and Present in the State","2022","Asian or Asian Irish - any other Asian background","United States of America (the)","Number","234"
"Population Usually Resident and Present in the State","2022","Asian or Asian Irish - any other Asian background","Brazil","Number","239"
"Population Usually Resident and Present in the State","2022","Asian or Asian Irish - any other Asian background","Other America(1)","Number","145"
"Population Usually Resident and Present in the State","2022","Asian or Asian Irish - any other Asian background","Other countries","Number","170"
"Population Usually Resident and Present in the State","2022","Asian or Asian Irish - any other Asian background","Multiple/Dual citizenship","Number","69"
"Population Usually Resident and Present in the State","2022","Asian or Asian Irish - any other Asian background","No citizenship","Number","323"
"Population Usually Resident and Present in the State","2022","Asian or Asian Irish - any other Asian background","Citizenship not stated","Number","184"
"Population Usually Resident and Present in the State","2022","Arab","All citizenships","Number","20115"
"Population Usually Resident and Present in the State","2022","Arab","Ireland","Number","8695"
"Population Usually Resident and Present in the State","2022","Arab","Croatia","Number","3"
"Population Usually Resident and Present in the State","2022","Arab","France","Number","277"
"Population Usually Resident and Present in the State","2022","Arab","Germany","Number","24"
"Population Usually Resident and Present in the State","2022","Arab","Italy","Number","80"
"Population Usually Resident and Present in the State","2022","Arab","Latvia","Number","1"
"Population Usually Resident and Present in the State","2022","Arab","Lithuania","Number","5"
"Population Usually Resident and Present in the State","2022","Arab","Poland","Number","21"
"Population Usually Resident and Present in the State","2022","Arab","Romania","Number","24"
"Population Usually Resident and Present in the State","2022","Arab","Spain","Number","86"
"Population Usually Resident and Present in the State","2022","Arab","Ukraine","Number","18"
"Population Usually Resident and Present in the State","2022","Arab","United Kingdom of Great Britain and Northern Ireland (the)","Number","179"
"Population Usually Resident and Present in the State","2022","Arab","Other EU27 (2020)","Number","173"
"Population Usually Resident and Present in the State","2022","Arab","Rest of Europe(1)","Number","41"
"Population Usually Resident and Present in the State","2022","Arab","Africa","Number","3849"
"Population Usually Resident and Present in the State","2022","Arab","China","Number","1"
"Population Usually Resident and Present in the State","2022","Arab","India","Number","4"
"Population Usually Resident and Present in the State","2022","Arab","Other Asia(1)","Number","5793"
"Population Usually Resident and Present in the State","2022","Arab","Australia","Number","18"
"Population Usually Resident and Present in the State","2022","Arab","United States of America (the)","Number","75"
"Population Usually Resident and Present in the State","2022","Arab","Brazil","Number","14"
"Population Usually Resident and Present in the State","2022","Arab","Other America(1)","Number","152"
"Population Usually Resident and Present in the State","2022","Arab","Other countries","Number","85"
"Population Usually Resident and Present in the State","2022","Arab","Multiple/Dual citizenship","Number","44"
"Population Usually Resident and Present in the State","2022","Arab","No citizenship","Number","242"
"Population Usually Resident and Present in the State","2022","Arab","Citizenship not stated","Number","211"
"Population Usually Resident and Present in the State","2022","Other including mixed background","All citizenships","Number","64992"
"Population Usually Resident and Present in the State","2022","Other including mixed background","Ireland","Number","33519"
"Population Usually Resident and Present in the State","2022","Other including mixed background","Croatia","Number","224"
"Population Usually Resident and Present in the State","2022","Other including mixed background","France","Number","636"
"Population Usually Resident and Present in the State","2022","Other including mixed background","Germany","Number","394"
"Population Usually Resident and Present in the State","2022","Other including mixed background","Italy","Number","853"
"Population Usually Resident and Present in the State","2022","Other including mixed background","Latvia","Number","329"
"Population Usually Resident and Present in the State","2022","Other including mixed background","Lithuania","Number","404"
"Population Usually Resident and Present in the State","2022","Other including mixed background","Poland","Number","1119"
"Population Usually Resident and Present in the State","2022","Other including mixed background","Romania","Number","1608"
"Population Usually Resident and Present in the State","2022","Other including mixed background","Spain","Number","1055"
"Population Usually Resident and Present in the State","2022","Other including mixed background","Ukraine","Number","213"
"Population Usually Resident and Present in the State","2022","Other including mixed background","United Kingdom of Great Britain and Northern Ireland (the)","Number","2094"
"Population Usually Resident and Present in the State","2022","Other including mixed background","Other EU27 (2020)","Number","1804"
"Population Usually Resident and Present in the State","2022","Other including mixed background","Rest of Europe(1)","Number","1173"
"Population Usually Resident and Present in the State","2022","Other including mixed background","Africa","Number","1353"
"Population Usually Resident and Present in the State","2022","Other including mixed background","China","Number","15"
"Population Usually Resident and Present in the State","2022","Other including mixed background","India","Number","53"
"Population Usually Resident and Present in the State","2022","Other including mixed background","Other Asia(1)","Number","1654"
"Population Usually Resident and Present in the State","2022","Other including mixed background","Australia","Number","139"
"Population Usually Resident and Present in the State","2022","Other including mixed background","United States of America (the)","Number","867"
"Population Usually Resident and Present in the State","2022","Other including mixed background","Brazil","Number","7597"
"Population Usually Resident and Present in the State","2022","Other including mixed background","Other America(1)","Number","5222"
"Population Usually Resident and Present in the State","2022","Other including mixed background","Other countries","Number","405"
"Population Usually Resident and Present in the State","2022","Other including mixed background","Multiple/Dual citizenship","Number","1101"
"Population Usually Resident and Present in the State","2022","Other including mixed background","No citizenship","Number","694"
"Population Usually Resident and Present in the State","2022","Other including mixed background","Citizenship not stated","Number","467"
"Population Usually Resident and Present in the State","2022","Not stated","All citizenships","Number","313176"
"Population Usually Resident and Present in the State","2022","Not stated","Ireland","Number","105711"
"Population Usually Resident and Present in the State","2022","Not stated","Croatia","Number","964"
"Population Usually Resident and Present in the State","2022","Not stated","France","Number","2087"
"Population Usually Resident and Present in the State","2022","Not stated","Germany","Number","1180"
"Population Usually Resident and Present in the State","2022","Not stated","Italy","Number","1979"
"Population Usually Resident and Present in the State","2022","Not stated","Latvia","Number","1897"
"Population Usually Resident and Present in the State","2022","Not stated","Lithuania","Number","3640"
"Population Usually Resident and Present in the State","2022","Not stated","Poland","Number","9891"
"Population Usually Resident and Present in the State","2022","Not stated","Romania","Number","5455"
"Population Usually Resident and Present in the State","2022","Not stated","Spain","Number","2471"
"Population Usually Resident and Present in the State","2022","Not stated","Ukraine","Number","5712"
"Population Usually Resident and Present in the State","2022","Not stated","United Kingdom of Great Britain and Northern Ireland (the)","Number","5889"
"Population Usually Resident and Present in the State","2022","Not stated","Other EU27 (2020)","Number","6214"
"Population Usually Resident and Present in the State","2022","Not stated","Rest of Europe(1)","Number","1348"
"Population Usually Resident and Present in the State","2022","Not stated","Africa","Number","3291"
"Population Usually Resident and Present in the State","2022","Not stated","China","Number","887"
"Population Usually Resident and Present in the State","2022","Not stated","India","Number","2402"
"Population Usually Resident and Present in the State","2022","Not stated","Other Asia(1)","Number","3893"
"Population Usually Resident and Present in the State","2022","Not stated","Australia","Number","519"
"Population Usually Resident and Present in the State","2022","Not stated","United States of America (the)","Number","1283"
"Population Usually Resident and Present in the State","2022","Not stated","Brazil","Number","3286"
"Population Usually Resident and Present in the State","2022","Not stated","Other America(1)","Number","1400"
"Population Usually Resident and Present in the State","2022","Not stated","Other countries","Number","636"
"Population Usually Resident and Present in the State","2022","Not stated","Multiple/Dual citizenship","Number","400"
"Population Usually Resident and Present in the State","2022","Not stated","No citizenship","Number","325"
"Population Usually Resident and Present in the State","2022","Not stated","Citizenship not stated","Number","140416"
